update,mean_fitness,min_fitness,max_fitness,inferiority
0,15.79,0,64,0.246719
1,26.724,0,64,0.417563
2,36.557,0,64,0.571203
3,45.152,12,64,0.7055
4,51.714,16,80,0.646425
5,59.202,13,80,0.740025
6,64.233,16,80,0.802913
7,67.868,16,96,0.706958
8,74.561,18,96,0.776677
9,79.57,48,96,0.828854
10,83.289,20,112,0.743652
11,90.125,48,112,0.804688
12,94.543,18,112,0.844134
13,96.554,16,112,0.862089
14,100.248,19,112,0.895071
15,106.612,56,112,0.951893
16,109.839,47,112,0.980705
17,109.72,18,112,0.979643
18,109.617,21,112,0.978723
19,110.001,48,112,0.982152
20,109.979,59,112,0.981955
21,109.954,18,112,0.981732
22,110.256,64,112,0.984429
23,109.794,18,112,0.980304
24,109.795,22,112,0.980313
25,110.086,48,112,0.982911
26,110.189,18,112,0.98383
27,109.698,16,112,0.979446
28,110.147,64,112,0.983455
29,109.971,16,112,0.981884
30,109.845,64,112,0.980759
31,109.625,22,112,0.978795
32,110.009,22,112,0.982223
33,109.885,18,112,0.981116
34,110.199,18,112,0.98392
35,109.979,18,112,0.981955
36,110.355,64,112,0.985313
37,109.762,15,112,0.980018
38,109.597,64,112,0.978545
39,109.89,49,112,0.981161
40,110.447,64,112,0.986134
41,110.246,64,112,0.984339
42,109.859,80,112,0.980884
43,109.868,21,112,0.980964
44,110.071,21,112,0.982777
45,110.116,17,112,0.983179
46,109.946,63,112,0.981661
47,109.665,18,112,0.979152
48,109.937,19,112,0.98158
49,109.987,39,112,0.982027
50,110.21,18,112,0.984018
51,109.962,22,128,0.859078
52,109.345,16,128,0.854258
53,110.049,22,128,0.859758
54,110.521,17,128,0.863445
55,111.327,48,128,0.869742
56,114.316,54,128,0.893094
57,120.994,48,128,0.945266
58,125.01,80,128,0.976641
59,125.568,80,128,0.981
60,125.568,64,128,0.981
61,126.016,18,128,0.9845
62,126.011,22,128,0.984461
63,125.597,48,128,0.981227
64,125.654,80,128,0.981672
65,125.32,23,128,0.979062
66,125.312,64,128,0.979
67,126.254,80,128,0.986359
68,125.59,80,128,0.981172
69,125.678,80,128,0.981859
70,125.607,23,128,0.981305
71,125.748,96,128,0.982406
72,125.679,23,128,0.981867
73,125.105,64,128,0.977383
74,125.49,64,128,0.980391
75,125.442,16,128,0.980016
76,125.548,18,128,0.980844
77,125.945,15,128,0.983945
78,125.608,80,128,0.981313
79,126.16,80,128,0.985625
80,125.87,64,128,0.983359
81,125.932,23,128,0.983844
82,125.401,32,128,0.979695
83,125.595,23,128,0.981211
84,125.677,58,128,0.981852
85,125.499,64,128,0.980461
86,125.457,80,128,0.980133
87,126.006,71,128,0.984422
88,125.967,64,128,0.984117
89,125.958,49,128,0.984047
90,125.73,23,128,0.982266
91,125.889,21,128,0.983508
92,125.872,64,128,0.983375
93,125.857,80,128,0.983258
94,126.115,69,128,0.985273
95,125.968,80,128,0.984125
96,125.474,71,128,0.980266
97,125.888,80,128,0.9835
98,125.562,80,128,0.980953
99,125.599,17,128,0.981242
100,126.167,19,128,0.98568
101,125.642,18,128,0.981578
102,125.687,80,128,0.98193
103,125.393,23,128,0.979633
104,125.88,80,128,0.983437
105,125.842,80,128,0.983141
106,125.821,16,128,0.982977
107,125.881,19,128,0.983445
108,126.274,80,128,0.986516
109,126.062,80,128,0.984859
110,125.854,22,128,0.983234
111,126.138,64,128,0.985453
112,125.667,81,128,0.981773
113,125.633,80,128,0.981508
114,125.352,19,128,0.979313
115,125.901,18,128,0.983602
116,125.933,16,128,0.983852
117,125.502,18,128,0.980484
118,125.951,64,128,0.983992
119,125.204,18,128,0.978156
120,126.25,80,128,0.986328
121,125.62,16,128,0.981406
122,125.499,23,128,0.980461
123,125.72,18,128,0.982187
124,125.647,19,128,0.981617
125,125.7,18,128,0.982031
126,125.716,23,128,0.982156
127,125.78,19,128,0.982656
128,125.848,64,128,0.983187
129,126.003,19,128,0.984398
130,125.969,21,128,0.984133
131,126.03,18,128,0.984609
132,125.844,21,128,0.983156
133,125.902,21,128,0.983609
134,125.999,80,128,0.984367
135,125.657,19,128,0.981695
136,125.392,18,144,0.870778
137,126.258,80,144,0.876792
138,126.493,80,144,0.878424
139,127.497,19,144,0.885396
140,130.814,80,144,0.908431
141,137.904,23,144,0.957667
142,141.927,79,144,0.985604
143,142.031,63,144,0.986326
144,141.933,19,160,0.887081
145,141.838,22,160,0.886487
146,142.225,22,160,0.888906
147,143.411,22,160,0.896319
148,146.688,23,160,0.9168
149,153.252,24,160,0.957825
150,157.249,17,160,0.982806
151,157.792,112,160,0.9862
152,157.754,19,160,0.985962
153,157.457,19,160,0.984106
154,157.697,24,160,0.985606
155,158.259,112,160,0.989119
156,157.983,128,160,0.987394
157,157.416,17,160,0.98385
158,157.896,17,160,0.98685
159,158.112,99,160,0.9882
160,157.305,21,160,0.983156
161,157.724,64,160,0.985775
162,157.5,24,176,0.894886
163,157.606,20,176,0.895489
164,157.786,20,176,0.896511
165,158.811,24,176,0.902335
166,162.5,24,176,0.923295
167,169.071,112,176,0.960631
168,173.02,26,176,0.983068
169,173.843,24,176,0.987744
170,173.115,14,176,0.983608
171,173.901,128,176,0.988074
172,173.677,128,176,0.986801
173,173.156,33,176,0.983841
174,173.714,128,176,0.987011
175,173.122,22,176,0.983648
176,173.651,25,176,0.986653
177,173.35,112,176,0.984943
178,173.84,32,176,0.987727
179,173.675,128,176,0.98679
180,173.204,128,176,0.984114
181,173.505,26,176,0.985824
182,173.209,26,176,0.984142
183,173.417,25,176,0.985324
184,173.799,144,176,0.987494
185,173.617,25,176,0.98646
186,173.892,128,176,0.988023
187,173.307,26,176,0.984699
188,173.296,16,176,0.984636
189,173.72,103,176,0.987045
190,173.436,17,176,0.985432
191,173.359,21,176,0.984994
192,173.675,128,176,0.98679
193,173.153,18,176,0.983824
194,173.72,128,176,0.987045
195,173.343,25,176,0.984903
196,173.482,17,176,0.985693
197,173.249,19,176,0.984369
198,173.438,19,176,0.985443
199,173.65,83,176,0.986648
200,173.604,32,176,0.986386
201,173.651,79,176,0.986653
202,173.603,17,176,0.986381
203,173.204,19,176,0.984114
204,173.418,19,176,0.98533
205,173.651,112,176,0.986653
206,173.161,108,176,0.983869
207,173.621,41,176,0.986483
208,173.954,88,176,0.988375
209,173.794,99,176,0.987466
210,173.604,32,176,0.986386
211,173.513,28,176,0.985869
212,173.523,101,176,0.985926
213,173.569,80,176,0.986187
214,173.771,26,176,0.987335
215,173.057,23,176,0.983278
216,173.539,23,176,0.986017
217,173.225,17,176,0.984233
218,173.378,17,176,0.985102
219,173.57,19,176,0.986193
220,173.802,128,176,0.987511
221,173.631,23,176,0.98654
222,173.717,25,176,0.987028
223,173.714,26,176,0.987011
224,173.635,26,187,0.928529
225,173.73,112,190,0.914368
226,174.143,61,190,0.916542
227,173.742,18,192,0.904906
228,175.927,21,192,0.916286
229,180.1,26,192,0.938021
230,185.478,128,192,0.966031
231,187.018,128,192,0.974052
232,188.271,125,192,0.980578
233,189.345,48,192,0.986172
234,189.896,142,192,0.989042
235,189.933,144,192,0.989234
236,189.835,144,192,0.988724
237,189.503,19,192,0.986995
238,189.771,144,192,0.988391
239,189.617,144,192,0.987589
240,189.922,17,192,0.989177
241,189.713,25,192,0.988089
242,189.72,146,192,0.988125
243,190.088,144,192,0.990042
244,189.924,22,192,0.989187
245,189.718,128,192,0.988115
246,189.739,128,192,0.988224
247,189.886,26,192,0.98899
248,189.509,144,192,0.987026
249,189.398,26,192,0.986448
250,189.65,144,192,0.98776
251,189.565,132,192,0.987318
252,189.847,32,192,0.988786
253,189.821,144,192,0.988651
254,189.503,144,192,0.986995
255,189.72,22,192,0.988125
256,189.684,144,192,0.987938
257,189.537,21,192,0.987172
258,189.891,64,192,0.989016
259,189.856,32,192,0.988833
260,189.091,26,192,0.984849
261,189.19,14,192,0.985365
262,189.95,18,192,0.989323
263,189.656,126,192,0.987792
264,189.881,144,192,0.988964
265,189.451,23,192,0.986724
266,189.771,64,192,0.988391
267,189.65,85,192,0.98776
268,189.556,138,192,0.987271
269,189.862,133,192,0.988865
270,189.913,144,192,0.98913
271,189.691,20,192,0.987974
272,189.553,26,192,0.987255
273,189.635,18,192,0.987682
274,189.568,66,192,0.987333
275,189.798,96,192,0.988531
276,189.671,24,192,0.98787
277,189.453,21,192,0.986734
278,189.353,21,192,0.986214
279,189.933,128,192,0.989234
280,189.432,19,192,0.986625
281,189.214,25,192,0.98549
282,189.676,83,192,0.987896
283,189.41,142,192,0.98651
284,189.58,17,192,0.987396
285,189.631,23,192,0.987661
286,189.51,17,192,0.987031
287,190.005,96,192,0.989609
288,189.886,144,192,0.98899
289,189.71,114,192,0.988073
290,189.593,19,192,0.987464
291,189.781,19,192,0.988443
292,189.379,17,192,0.986349
293,189.443,16,192,0.986682
294,189.238,17,192,0.985615
295,189.782,112,192,0.988448
296,189.554,21,192,0.98726
297,188.946,16,192,0.984094
298,189.142,20,192,0.985115
299,189.939,128,192,0.989266
300,189.808,139,192,0.988583
301,189.79,27,192,0.98849
302,188.915,23,192,0.983932
303,188.888,17,192,0.983792
304,189.542,18,192,0.987198
305,189.674,128,192,0.987885
306,189.088,17,192,0.984833
307,189.473,48,192,0.986839
308,189.555,100,192,0.987266
309,189.384,18,192,0.986375
310,188.905,17,192,0.98388
311,189.38,17,192,0.986354
312,189.122,20,192,0.98501
313,189.442,21,192,0.986677
314,189.347,18,192,0.986182
315,189.718,15,192,0.988115
316,189.72,17,192,0.988125
317,188.992,23,192,0.984333
318,189.15,18,192,0.985156
319,189.389,17,192,0.986401
320,189.86,17,192,0.988854
321,189.548,20,192,0.987229
322,188.828,17,192,0.983479
323,189.159,19,192,0.985203
324,189.509,17,192,0.987026
325,189.314,114,192,0.98601
326,189.043,17,192,0.984599
327,189.475,25,192,0.986849
328,189.61,17,192,0.987552
329,189.708,22,192,0.988062
330,189.614,55,192,0.987573
331,189.334,25,192,0.986115
332,189.53,22,192,0.987135
333,189.425,25,192,0.986589
334,189.251,23,192,0.985682
335,189.676,136,192,0.987896
336,189.581,144,192,0.987401
337,189.329,17,192,0.986089
338,190.057,127,192,0.98988
339,190.033,113,192,0.989755
340,189.868,144,192,0.988896
341,189.852,17,192,0.988812
342,190.01,144,192,0.989635
343,189.187,9,192,0.985349
344,189.816,144,192,0.988625
345,189.356,19,192,0.986229
346,189.571,144,192,0.987349
347,189.082,24,192,0.984802
348,189.268,21,192,0.985771
349,190.024,160,192,0.989708
350,189.683,25,192,0.987932
351,189.255,27,192,0.985703
352,189.93,23,192,0.989219
353,189.333,17,192,0.986109
354,189.54,17,192,0.987187
355,189.458,23,192,0.98676
356,189.727,114,192,0.988161
357,189.66,112,192,0.987812
358,189.392,14,192,0.986417
359,189.924,144,192,0.989187
360,189.911,132,192,0.98912
361,189.381,26,192,0.986359
362,189.376,18,192,0.986333
363,189.674,144,192,0.987885
364,189.624,29,192,0.987625
365,189.374,14,192,0.986323
366,189.358,18,192,0.98624
367,189.777,128,192,0.988422
368,189.976,149,192,0.989458
369,189.66,17,192,0.987812
370,188.781,17,192,0.983234
371,189.559,20,192,0.987286
372,189.448,8,192,0.986708
373,189.377,23,192,0.986339
374,189.127,18,192,0.985036
375,190.074,144,192,0.989969
376,189.537,22,192,0.987172
377,189.513,16,192,0.987047
378,189.339,24,192,0.986141
379,189.641,17,192,0.987714
380,189.713,17,192,0.988089
381,189.889,106,192,0.989005
382,189.72,17,192,0.988125
383,189.298,21,192,0.985927
384,189.713,144,192,0.988089
385,189.511,17,192,0.987036
386,189.814,144,192,0.988615
387,189.903,96,192,0.989078
388,189.34,27,192,0.986146
389,189.822,144,192,0.988656
390,189.109,18,192,0.984943
391,189.494,16,192,0.986948
392,189.874,144,192,0.988927
393,189.769,100,192,0.98838
394,188.971,16,192,0.984224
395,189.782,25,192,0.988448
396,189.042,17,192,0.984594
397,189.486,17,192,0.986906
398,189.915,132,192,0.989141
399,188.849,21,192,0.983589
400,188.949,23,192,0.984109
401,189.875,152,192,0.988932
402,189.743,129,192,0.988245
403,189.837,128,192,0.988734
404,189.203,16,192,0.985432
405,189.968,158,192,0.989417
406,189.563,23,192,0.987307
407,189.189,21,192,0.985359
408,189.484,91,192,0.986896
409,189.924,144,192,0.989187
410,188.893,16,192,0.983818
411,188.997,20,192,0.984359
412,189.756,129,192,0.988313
413,189.384,27,192,0.986375
414,189.264,17,192,0.98575
415,189.61,25,192,0.987552
416,189.527,16,192,0.98712
417,189.647,123,192,0.987745
418,189.411,19,192,0.986516
419,189.186,128,192,0.985344
420,189.384,17,192,0.986375
421,189.337,17,192,0.98613
422,189.815,16,192,0.98862
423,189.293,16,192,0.985901
424,189.542,22,192,0.987198
425,189.662,17,192,0.987823
426,189.246,17,192,0.985656
427,189.295,25,192,0.985911
428,189.219,18,192,0.985516
429,189.434,25,192,0.986635
430,189.785,113,192,0.988464
431,189.302,17,192,0.985948
432,189.92,144,192,0.989167
433,189.484,116,192,0.986896
434,189.707,136,192,0.988057
435,190.051,144,192,0.989849
436,189.064,17,192,0.984708
437,189.501,19,192,0.986984
438,189.962,25,192,0.989385
439,189.983,128,192,0.989495
440,189.565,128,192,0.987318
441,189.19,17,192,0.985365
442,189.427,144,208,0.910707
443,188.982,19,208,0.908567
444,189.836,23,208,0.912673
445,191.405,160,208,0.920216
446,193.702,17,208,0.93126
447,199.624,18,208,0.959731
448,204.374,17,208,0.982567
449,205.225,144,208,0.986659
450,204.699,19,208,0.98413
451,205.092,17,208,0.986019
452,204.515,17,208,0.983245
453,204.949,129,208,0.985332
454,204.521,27,208,0.983274
455,204.59,17,208,0.983606
456,204.655,22,208,0.983918
457,204.827,17,208,0.984745
458,204.487,17,208,0.983111
459,204.346,17,208,0.982433
460,205.267,20,208,0.986861
461,204.85,146,208,0.984856
462,204.757,17,208,0.984409
463,204.897,116,208,0.985082
464,204.808,128,208,0.984654
465,204.525,17,208,0.983293
466,204.942,101,208,0.985298
467,204.804,20,208,0.984635
468,204.639,112,208,0.983841
469,205.078,24,208,0.985952
470,204.998,23,208,0.985567
471,204.346,25,208,0.982433
472,204.277,16,208,0.982101
473,205.184,128,208,0.986462
474,204.624,18,208,0.983769
475,204.561,15,208,0.983466
476,204.619,112,208,0.983745
477,205.071,21,208,0.985918
478,204.267,23,208,0.982053
479,203.692,11,208,0.979288
480,204.951,28,208,0.985341
481,204.73,17,208,0.984279
482,205.019,94,208,0.985668
483,205.274,92,208,0.986894
484,204.694,28,208,0.984106
485,204.422,96,208,0.982798
486,204.319,17,208,0.982303
487,204.921,112,208,0.985197
488,203.91,18,208,0.980337
489,204.208,17,208,0.981769
490,204.536,17,208,0.983346
491,204.478,28,208,0.983067
492,204.983,112,208,0.985495
493,204.772,92,208,0.984481
494,203.86,18,208,0.980096
495,204.78,96,208,0.984519
496,204.776,20,208,0.9845
497,204.448,18,208,0.982923
498,204.68,89,208,0.984038
499,203.945,16,208,0.980505
500,204.907,104,208,0.98513
501,204.697,18,208,0.98412
502,204.444,112,208,0.982904
503,204.907,17,208,0.98513
504,205.019,98,208,0.985668
505,204.664,20,208,0.983962
506,204.729,17,208,0.984274
507,204.238,14,208,0.981913
508,205.052,18,208,0.985827
509,204.249,16,208,0.981966
510,204.825,116,208,0.984736
511,205.075,96,208,0.985938
512,204.379,18,208,0.982591
513,203.859,26,208,0.980091
514,205.207,11,208,0.986572
515,204.299,18,208,0.982207
516,204.598,18,208,0.983644
517,204.964,28,208,0.985404
518,204.4,30,208,0.982692
519,204.767,17,208,0.984457
520,204.737,17,208,0.984313
521,204.75,104,208,0.984375
522,204.459,100,208,0.982976
523,204.145,18,208,0.981466
524,204.837,19,208,0.984793
525,204.218,88,208,0.981817
526,204.427,18,208,0.982822
527,204.537,17,208,0.983351
528,204.508,22,208,0.983212
529,203.907,20,208,0.980322
530,204.683,18,208,0.984053
531,204.023,27,208,0.98088
532,203.491,17,208,0.978322
533,204.358,17,208,0.98249
534,204.913,19,208,0.985159
535,204.462,28,208,0.98299
536,203.713,20,208,0.979389
537,204.762,19,208,0.984433
538,204.652,20,208,0.983904
539,204.101,19,208,0.981255
540,204.283,25,208,0.98213
541,203.871,18,208,0.980149
542,204.667,22,208,0.983976
543,204.114,14,208,0.981317
544,204.373,27,208,0.982563
545,203.94,18,208,0.980481
546,204.571,24,208,0.983514
547,204.902,98,208,0.985106
548,205.374,132,208,0.987375
549,205.169,132,208,0.986389
550,204.406,18,208,0.982721
551,205.088,18,208,0.986
552,203.768,17,208,0.979654
553,204.585,18,208,0.983582
554,204.826,96,208,0.98474
555,204.366,23,208,0.982529
556,204.917,17,208,0.985178
557,204.543,17,208,0.98338
558,204.164,20,208,0.981558
559,204.368,18,208,0.982538
560,204.138,21,208,0.981433
561,204.075,18,208,0.98113
562,204.265,22,208,0.982043
563,203.575,17,208,0.978726
564,204.23,17,208,0.981875
565,203.84,18,224,0.91
566,204.719,18,224,0.913924
567,205.363,61,224,0.916799
568,206.521,18,224,0.921969
569,209.134,96,224,0.933634
570,214.308,19,224,0.956732
571,219.595,20,224,0.980335
572,220.195,133,224,0.983013
573,220.469,28,224,0.984237
574,220.778,29,224,0.985616
575,219.983,18,224,0.982067
576,220.177,102,224,0.982933
577,220.493,27,224,0.984344
578,221.091,126,224,0.987013
579,219.966,24,224,0.981991
580,221.076,124,224,0.986946
581,219.634,19,224,0.980509
582,220.389,17,224,0.983879
583,220.345,141,224,0.983683
584,220.001,129,224,0.982147
585,221.032,155,224,0.98675
586,220.056,137,224,0.982393
587,220.67,129,224,0.985134
588,220.132,128,224,0.982732
589,220.349,17,224,0.983701
590,220.187,17,224,0.982978
591,220.469,28,224,0.984237
592,219.606,18,224,0.980384
593,219.752,18,224,0.981036
594,220.393,24,224,0.983897
595,219.291,18,224,0.978978
596,220.638,18,224,0.984991
597,219.951,23,224,0.981924
598,220.26,16,224,0.983304
599,220.415,28,224,0.983996
600,220.77,138,224,0.98558
601,220.21,28,224,0.98308
602,220.719,112,224,0.985353
603,220.701,149,224,0.985272
604,220.991,133,224,0.986567
605,220.14,105,224,0.982768
606,219.902,14,224,0.981705
607,220.307,101,224,0.983513
608,220.183,22,224,0.98296
609,220.644,145,224,0.985018
610,220.181,20,224,0.982951
611,220.812,18,224,0.985768
612,220.186,20,224,0.982973
613,220.472,18,224,0.98425
614,220.573,145,224,0.984701
615,220.467,130,224,0.984228
616,220.423,18,224,0.984031
617,220.713,133,224,0.985326
618,221.214,148,224,0.987563
619,220.117,17,224,0.982665
620,220.983,17,224,0.986531
621,220.553,18,224,0.984612
622,220.247,29,224,0.983246
623,221.131,152,224,0.987192
624,220.551,17,224,0.984603
625,221.01,128,224,0.986652
626,220.947,18,224,0.986371
627,220.983,145,224,0.986531
628,220.992,145,224,0.986571
629,220.492,20,224,0.984339
630,220.659,18,224,0.985085
631,220.218,143,224,0.983116
632,219.866,17,224,0.981545
633,220.975,132,224,0.986496
634,221.062,148,224,0.986884
635,221.132,128,224,0.987196
636,220.567,46,224,0.984674
637,221.258,145,224,0.987759
638,221.13,129,224,0.987187
639,220.678,17,224,0.98517
640,220.771,21,224,0.985585
641,221.313,154,224,0.988004
642,220.291,20,224,0.983442
643,220.989,17,224,0.986558
644,220.402,18,224,0.983938
645,220.333,23,224,0.983629
646,220.833,18,224,0.985862
647,220.807,148,224,0.985746
648,220.614,153,224,0.984884
649,220.248,17,224,0.98325
650,220.183,18,224,0.98296
651,220.4,17,224,0.983929
652,220.606,144,224,0.984848
653,219.648,23,224,0.980571
654,220.557,25,224,0.984629
655,220.504,110,224,0.984393
656,220.213,39,224,0.983094
657,220.849,18,224,0.985933
658,220.581,161,224,0.984737
659,220.985,117,224,0.98654
660,220.274,9,224,0.983366
661,219.613,17,224,0.980415
662,220.616,27,224,0.984893
663,220.102,19,224,0.982598
664,220.403,64,224,0.983942
665,220.426,17,224,0.984045
666,221.36,28,224,0.988214
667,220.579,18,224,0.984728
668,220.16,18,224,0.982857
669,220.515,20,224,0.984442
670,220.447,99,224,0.984138
671,220.137,14,224,0.982754
672,220.062,16,224,0.98242
673,220.161,16,224,0.982862
674,221.21,26,224,0.987545
675,219.273,18,224,0.978897
676,219.908,28,224,0.981732
677,219.619,17,224,0.980442
678,220.801,28,224,0.985719
679,220.915,144,224,0.986228
680,220.792,148,224,0.985679
681,220.811,147,224,0.985763
682,220.732,101,224,0.985411
683,220.998,26,224,0.986598
684,220.453,21,224,0.984165
685,220.767,22,224,0.985567
686,220.7,18,224,0.985268
687,220.499,20,224,0.984371
688,221.469,160,224,0.988701
689,221.124,145,224,0.987161
690,220.163,21,224,0.982871
691,221.095,145,224,0.987031
692,220.874,19,224,0.986045
693,220.639,21,224,0.984996
694,220.709,18,224,0.985308
695,220.372,18,224,0.983804
696,220.249,17,224,0.983254
697,220.845,17,224,0.985915
698,220.717,21,224,0.985344
699,220.781,17,224,0.985629
700,220.857,26,224,0.985969
701,220.494,107,224,0.984348
702,220.738,18,224,0.985437
703,220.355,26,224,0.983728
704,220.026,18,224,0.982259
705,221.066,174,224,0.986902
706,220.394,18,224,0.983902
707,220.836,13,224,0.985875
708,220.827,15,224,0.985835
709,219.902,18,224,0.981705
710,220.039,16,224,0.982317
711,221.189,87,224,0.987451
712,220.524,29,224,0.984482
713,220.472,17,224,0.98425
714,220.72,18,224,0.985357
715,220.096,20,224,0.982571
716,220.315,16,224,0.983549
717,220.838,75,224,0.985884
718,220.649,16,224,0.98504
719,220.686,17,224,0.985205
720,221.341,23,224,0.988129
721,221.15,29,224,0.987277
722,220.003,18,224,0.982156
723,220.597,23,224,0.984808
724,220.512,17,224,0.984429
725,220.593,129,224,0.98479
726,220.217,17,224,0.983112
727,220.67,19,224,0.985134
728,220.48,18,224,0.984286
729,220.696,23,224,0.98525
730,220.308,17,224,0.983518
731,220.333,18,224,0.983629
732,219.868,17,224,0.981554
733,220.805,99,224,0.985737
734,220.274,16,224,0.983366
735,220.798,162,224,0.985705
736,220.13,21,224,0.982723
737,220.219,15,224,0.983121
738,220.326,64,224,0.983598
739,220.937,20,224,0.986326
740,221.118,144,224,0.987134
741,220.729,17,224,0.985397
742,220.294,24,224,0.983455
743,220.2,17,224,0.983036
744,220.501,17,224,0.984379
745,220.161,17,224,0.982862
746,219.97,17,224,0.982009
747,220.702,17,224,0.985277
748,220.607,18,224,0.984853
749,220.412,18,224,0.983982
750,219.848,22,224,0.981464
751,220.78,29,224,0.985625
752,220.655,55,224,0.985067
753,220.372,18,224,0.983804
754,220.558,18,224,0.984634
755,220.143,18,224,0.982781
756,220.965,19,224,0.986451
757,220.618,17,224,0.984902
758,220.709,18,224,0.985308
759,220.675,26,224,0.985156
760,220.495,19,224,0.984353
761,220.694,26,224,0.985241
762,220.808,17,224,0.98575
763,220.729,16,224,0.985397
764,220.586,17,224,0.984759
765,220.26,24,224,0.983304
766,220.089,18,224,0.98254
767,219.79,16,224,0.981205
768,221.016,18,224,0.986679
769,220.419,17,224,0.984013
770,220.351,17,224,0.98371
771,220.019,16,224,0.982228
772,220.323,18,224,0.983585
773,220.24,17,224,0.983214
774,221.004,16,224,0.986625
775,221.176,20,224,0.987393
776,220.225,22,224,0.983147
777,219.673,16,224,0.980683
778,220.69,20,224,0.985223
779,220.316,24,224,0.983554
780,220.808,18,224,0.98575
781,220.124,18,224,0.982696
782,219.594,12,224,0.98033
783,220.46,18,224,0.984196
784,221.006,19,224,0.986634
785,220.114,18,224,0.982652
786,221.165,21,224,0.987344
787,220.533,97,224,0.984522
788,219.934,17,224,0.981848
789,220.005,18,224,0.982165
790,220.437,16,224,0.984094
791,220.1,16,224,0.982589
792,219.963,16,224,0.981978
793,220.138,16,224,0.982759
794,219.692,18,224,0.980768
795,220.509,23,224,0.984415
796,219.717,17,224,0.980879
797,220.3,18,224,0.983482
798,219.79,15,224,0.981205
799,221.037,114,224,0.986772
800,220.725,14,224,0.985379
801,219.812,16,224,0.981304
802,220.397,15,224,0.983915
803,220.645,147,224,0.985022
804,219.548,18,224,0.980125
805,219.849,17,224,0.981469
806,220.984,29,224,0.986536
807,220.315,17,224,0.983549
808,220.394,17,224,0.983902
809,220.018,17,224,0.982223
810,219.919,14,224,0.981781
811,220.026,18,224,0.982259
812,220.161,17,224,0.982862
813,219.744,17,224,0.981
814,220.274,16,224,0.983366
815,219.984,18,224,0.982071
816,220.142,17,224,0.982777
817,220.684,20,224,0.985196
818,220.691,96,224,0.985228
819,220.302,13,224,0.983491
820,219.202,16,224,0.97858
821,220.532,18,224,0.984518
822,218.932,17,224,0.977375
823,220.558,18,224,0.984634
824,220.271,18,224,0.983353
825,219.099,17,224,0.978121
826,220.132,17,224,0.982732
827,219.699,15,224,0.980799
828,220.431,16,224,0.984067
829,218.857,16,224,0.97704
830,220.258,16,224,0.983295
831,218.892,15,224,0.977196
832,219.622,17,224,0.980455
833,220.188,20,224,0.982982
834,220.192,17,224,0.983
835,220.347,18,224,0.983692
836,220.021,18,224,0.982237
837,219.971,13,224,0.982013
838,219.787,16,224,0.981192
839,220.056,20,224,0.982393
840,219.483,17,224,0.979835
841,220.12,18,224,0.982679
842,220.384,18,224,0.983857
843,219.711,14,224,0.980853
844,220.498,17,224,0.984366
845,219.71,17,224,0.980848
846,219.667,18,224,0.980656
847,220.012,18,224,0.982196
848,219.852,18,224,0.981482
849,219.268,14,224,0.978875
850,219.759,17,224,0.981067
851,220.144,18,224,0.982786
852,220.472,17,224,0.98425
853,219.552,17,224,0.980143
854,220.02,12,224,0.982232
855,219.867,17,224,0.981549
856,220.269,18,224,0.983344
857,220.679,18,224,0.985174
858,220.081,18,224,0.982504
859,220.164,18,224,0.982875
860,220.432,17,224,0.984071
861,218.905,18,224,0.977254
862,219.676,18,224,0.980696
863,220.074,18,224,0.982473
864,220.08,18,224,0.9825
865,220.502,20,224,0.984384
866,219.935,18,224,0.981853
867,221.004,145,224,0.986625
868,219.83,15,224,0.981384
869,220.354,13,224,0.983723
870,219.415,18,224,0.979531
871,220.261,17,224,0.983308
872,219.915,16,224,0.981763
873,219.149,18,224,0.978344
874,219.731,13,224,0.980942
875,219.996,18,224,0.982125
876,219.895,18,224,0.981674
877,219.829,18,224,0.981379
878,220.13,18,224,0.982723
879,220.53,18,224,0.984509
880,220.353,14,224,0.983719
881,220.49,20,224,0.98433
882,220.064,18,224,0.982429
883,219.571,16,224,0.980228
884,220.075,18,224,0.982478
885,219.483,17,224,0.979835
886,219.97,16,224,0.982009
887,220.033,14,224,0.98229
888,220.175,18,224,0.982924
889,219.321,18,224,0.979112
890,220.766,16,224,0.985563
891,219.801,18,224,0.981254
892,219.2,15,224,0.978571
893,219.486,11,224,0.979848
894,220.003,17,224,0.982156
895,219.746,16,224,0.981009
896,220.223,16,224,0.983138
897,219.394,18,224,0.979437
898,219.804,15,224,0.981268
899,220.165,18,224,0.982879
900,220.129,18,224,0.982719
901,219.766,16,224,0.981098
902,219.804,16,224,0.981268
903,219.628,17,224,0.980482
904,220.229,16,224,0.983165
905,219.302,17,224,0.979027
906,220.288,17,224,0.983429
907,220.428,29,224,0.984054
908,219.978,15,224,0.982045
909,219.165,15,224,0.978415
910,218.641,14,224,0.976076
911,220.437,17,224,0.984094
912,220.036,16,224,0.982304
913,219.995,17,224,0.982121
914,219.649,11,224,0.980576
915,219.987,17,224,0.982085
916,219.677,17,224,0.980701
917,220.145,36,224,0.98279
918,221.1,22,224,0.987054
919,220.342,18,224,0.98367
920,219.447,14,224,0.979674
921,220.395,24,224,0.983906
922,219.504,16,224,0.979929
923,220.517,16,224,0.984451
924,220.137,17,224,0.982754
925,220.709,17,224,0.985308
926,219.519,12,224,0.979996
927,218.798,13,224,0.976777
928,220.793,17,224,0.985683
929,219.458,18,224,0.979723
930,219.854,17,224,0.981491
931,218.603,16,224,0.975906
932,219.605,19,224,0.980379
933,220.307,20,224,0.983513
934,219.739,17,224,0.980978
935,220.426,17,224,0.984045
936,220.199,16,224,0.983031
937,220.067,17,224,0.982442
938,219.877,17,224,0.981594
939,220.1,18,224,0.982589
940,219.998,17,224,0.982134
941,220.431,16,224,0.984067
942,220.565,18,224,0.984665
943,219.466,17,224,0.979759
944,219.912,17,224,0.98175
945,220.038,16,224,0.982313
946,219.739,16,224,0.980978
947,220.799,113,224,0.98571
948,220.465,16,224,0.984219
949,220.504,14,224,0.984393
950,220.595,17,224,0.984799
951,219.811,17,224,0.981299
952,220.665,16,224,0.985112
953,219.737,16,224,0.980969
954,219.854,17,224,0.981491
955,220.972,27,224,0.986482
956,220.764,80,224,0.985554
957,221.103,20,224,0.987067
958,220.196,98,224,0.983018
959,220.41,17,224,0.983973
960,220.678,18,224,0.98517
961,220.183,17,224,0.98296
962,220.258,21,224,0.983295
963,219.752,19,224,0.981036
964,220.971,19,224,0.986478
965,219.742,21,224,0.980991
966,220.316,28,224,0.983554
967,220.16,15,224,0.982857
968,220.268,17,224,0.983339
969,219.212,17,224,0.978625
970,220.87,20,224,0.986027
971,220.253,16,224,0.983272
972,220.216,18,224,0.983107
973,220.72,61,224,0.985357
974,220.256,13,224,0.983286
975,220.45,19,224,0.984152
976,220.679,18,224,0.985174
977,219.536,17,224,0.980071
978,219.836,17,224,0.981411
979,220.336,15,224,0.983643
980,220.527,16,224,0.984496
981,220.694,18,224,0.985241
982,220.554,17,224,0.984616
983,220.702,17,224,0.985277
984,220.373,20,224,0.983808
985,220.72,18,224,0.985357
986,220.661,129,224,0.985094
987,220.697,22,224,0.985254
988,219.488,17,224,0.979857
989,220.185,17,224,0.982969
990,220.216,18,224,0.983107
991,220.823,147,224,0.985817
992,220.045,17,224,0.982344
993,221.194,160,224,0.987473
994,219.533,18,224,0.980058
995,220.569,22,224,0.984683
996,219.822,17,224,0.981348
997,219.66,18,224,0.980625
998,220.472,17,224,0.98425
999,220.128,17,224,0.982714
1000,219.932,17,224,0.981839
1001,221.058,113,224,0.986866
1002,220.234,17,224,0.983187
1003,220.675,18,224,0.985156
1004,220.108,18,224,0.982625
1005,220.992,42,224,0.986571
1006,220.005,17,224,0.982165
1007,220.581,20,224,0.984737
1008,220.548,17,224,0.984589
1009,219.735,17,224,0.98096
1010,220.208,16,224,0.983071
1011,220.778,17,224,0.985616
1012,219.878,17,224,0.981598
1013,220.471,18,224,0.984246
1014,220.462,16,224,0.984205
1015,220.066,22,224,0.982437
1016,220.352,14,224,0.983714
1017,220.524,16,224,0.984482
1018,220.499,21,224,0.984371
1019,220.422,27,224,0.984027
1020,220.397,17,224,0.983915
1021,221.216,161,224,0.987571
1022,220.678,18,224,0.98517
1023,220.442,22,224,0.984116
1024,220.888,18,224,0.986107
1025,220.415,16,224,0.983996
1026,220.55,17,224,0.984598
1027,220.412,18,224,0.983982
1028,219.852,16,224,0.981482
1029,220.844,21,224,0.985911
1030,221.148,144,224,0.987268
1031,220.152,16,224,0.982821
1032,220.306,18,224,0.983509
1033,220.685,22,224,0.985201
1034,221.163,21,224,0.987335
1035,220.326,22,224,0.983598
1036,219.718,22,224,0.980884
1037,221.084,18,224,0.986982
1038,220.561,24,224,0.984647
1039,220.599,17,224,0.984817
1040,221.108,160,224,0.987089
1041,219.807,17,224,0.981281
1042,219.981,20,224,0.982058
1043,220.558,21,224,0.984634
1044,221.006,22,224,0.986634
1045,220.892,19,224,0.986125
1046,219.911,17,224,0.981746
1047,220.259,18,224,0.983299
1048,220.006,16,224,0.98217
1049,220.039,17,224,0.982317
1050,219.644,18,224,0.980554
1051,219.701,17,224,0.980808
1052,220.14,17,224,0.982768
1053,220.034,18,224,0.982295
1054,221.155,116,224,0.987299
1055,220.461,20,224,0.984201
1056,220.549,22,224,0.984594
1057,220.496,17,224,0.984357
1058,220.635,18,224,0.984978
1059,220.391,18,224,0.983888
1060,220.119,19,224,0.982674
1061,220.484,16,224,0.984304
1062,220.004,17,224,0.982161
1063,220.754,19,224,0.985509
1064,220.701,18,224,0.985272
1065,220.214,21,224,0.983098
1066,220.501,18,224,0.984379
1067,220.473,20,224,0.984254
1068,219.766,22,224,0.981098
1069,220.06,18,224,0.982411
1070,220.045,18,224,0.982344
1071,220.399,18,224,0.983924
1072,220.347,18,224,0.983692
1073,221.266,21,224,0.987795
1074,220.436,18,224,0.984089
1075,220.13,18,224,0.982723
1076,220.119,18,224,0.982674
1077,220.2,17,224,0.983036
1078,219.656,21,224,0.980607
1079,220.633,16,224,0.984969
1080,220.049,18,224,0.982362
1081,219.413,17,224,0.979522
1082,220.618,25,224,0.984902
1083,220.467,21,224,0.984228
1084,219.765,20,224,0.981094
1085,220.778,20,224,0.985616
1086,220.294,18,224,0.983455
1087,219.769,18,224,0.981112
1088,220.144,18,224,0.982786
1089,220.878,25,224,0.986062
1090,219.978,22,224,0.982045
1091,220.976,21,224,0.9865
1092,220.197,22,224,0.983022
1093,220.223,18,224,0.983138
1094,220.507,22,224,0.984406
1095,221.317,161,224,0.988022
1096,220.059,22,224,0.982406
1097,220.666,21,224,0.985116
1098,220.611,17,224,0.984871
1099,220.692,22,224,0.985232
1100,220.543,18,224,0.984567
1101,221.114,26,224,0.987116
1102,220.804,48,224,0.985732
1103,220.698,22,224,0.985259
1104,220.079,18,224,0.982496
1105,221.15,22,224,0.987277
1106,219.791,18,224,0.98121
1107,220.845,22,224,0.985915
1108,220.001,22,224,0.982147
1109,220.876,18,224,0.986054
1110,220.691,23,224,0.985228
1111,220.673,26,224,0.985147
1112,220.717,16,224,0.985344
1113,220.718,156,224,0.985348
1114,221.011,101,224,0.986656
1115,221.067,22,224,0.986906
1116,219.852,18,224,0.981482
1117,220.846,162,224,0.98592
1118,220.367,16,224,0.983781
1119,221.016,14,224,0.986679
1120,220.517,18,224,0.984451
1121,220.212,18,224,0.983089
1122,220.623,17,224,0.984924
1123,220.505,18,224,0.984397
1124,221.237,22,224,0.987665
1125,220.691,27,224,0.985228
1126,221.466,114,224,0.988688
1127,220.887,18,224,0.986103
1128,221.277,176,224,0.987844
1129,220.817,160,224,0.98579
1130,220.823,18,224,0.985817
1131,220.681,78,224,0.985183
1132,221.011,36,224,0.986656
1133,220.519,22,224,0.98446
1134,220.871,21,224,0.986031
1135,221.039,18,224,0.986781
1136,221.115,22,224,0.987121
1137,220.268,21,224,0.983339
1138,221.011,29,224,0.986656
1139,220.414,16,224,0.983991
1140,221.111,21,224,0.987103
1141,221.089,18,224,0.987004
1142,220.972,21,224,0.986482
1143,220.102,16,224,0.982598
1144,220.69,22,224,0.985223
1145,220.431,21,224,0.984067
1146,220.688,16,224,0.985214
1147,220.901,22,224,0.986165
1148,220.199,16,224,0.983031
1149,220.088,13,224,0.982536
1150,220.386,22,224,0.983866
1151,220.677,22,224,0.985165
1152,220.704,24,224,0.985286
1153,220.995,22,224,0.986585
1154,220.434,17,224,0.98408
1155,219.843,17,224,0.981442
1156,220.689,22,224,0.985219
1157,220.893,17,224,0.986129
1158,220.361,22,224,0.983754
1159,220.572,23,224,0.984696
1160,220.798,22,224,0.985705
1161,220.954,21,224,0.986402
1162,220.497,22,224,0.984362
1163,220.376,21,224,0.983821
1164,220.719,17,224,0.985353
1165,220.16,15,224,0.982857
1166,220.27,21,224,0.983348
1167,220.719,18,224,0.985353
1168,220.78,21,224,0.985625
1169,220.795,22,224,0.985692
1170,220.557,16,224,0.984629
1171,220.366,22,224,0.983777
1172,220.423,16,224,0.984031
1173,220.629,22,224,0.984951
1174,221.017,13,224,0.986683
1175,220.056,21,224,0.982393
1176,220.495,22,224,0.984353
1177,220.442,22,224,0.984116
1178,220.204,22,224,0.983054
1179,221.323,26,224,0.988049
1180,220.517,19,224,0.984451
1181,220.684,16,224,0.985196
1182,220.841,24,224,0.985897
1183,220.794,21,224,0.985688
1184,220.851,16,224,0.985942
1185,221.019,17,224,0.986692
1186,220.33,9,224,0.983616
1187,220.068,17,224,0.982446
1188,220.287,22,224,0.983424
1189,221.203,17,224,0.987513
1190,220.027,20,224,0.982263
1191,220.513,27,224,0.984433
1192,220.533,16,224,0.984522
1193,221.425,163,224,0.988504
1194,220.245,20,224,0.983237
1195,221.193,20,224,0.987469
1196,220.545,27,224,0.984576
1197,221.418,21,224,0.988473
1198,220.952,23,224,0.986393
1199,221.617,160,224,0.989362
1200,220.577,22,224,0.984719
1201,221.103,17,224,0.987067
1202,220.826,17,224,0.98583
1203,220.687,15,224,0.98521
1204,220.936,21,224,0.986321
1205,221.341,117,224,0.988129
1206,221.368,160,224,0.98825
1207,221.325,23,224,0.988058
1208,221.113,21,224,0.987112
1209,220.689,17,224,0.985219
1210,220.969,26,224,0.986469
1211,221.43,16,224,0.988527
1212,221.074,160,224,0.986938
1213,220.841,28,224,0.985897
1214,221.135,21,224,0.98721
1215,220.669,22,224,0.985129
1216,220.529,16,224,0.984504
1217,220.966,22,224,0.986455
1218,220.543,19,224,0.984567
1219,221.173,25,224,0.987379
1220,221.337,21,224,0.988112
1221,221.111,158,224,0.987103
1222,220.96,28,224,0.986429
1223,221.118,19,224,0.987134
1224,221.551,168,224,0.989067
1225,220.876,29,224,0.986054
1226,220.509,20,224,0.984415
1227,220.667,21,224,0.985121
1228,220.605,21,224,0.984844
1229,221.31,22,224,0.987991
1230,220.484,19,224,0.984304
1231,220.925,22,224,0.986272
1232,220.971,113,224,0.986478
1233,220.649,21,224,0.98504
1234,221.311,23,224,0.987996
1235,220.881,22,224,0.986076
1236,221.304,133,224,0.987964
1237,220.918,23,224,0.986241
1238,220.841,17,224,0.985897
1239,221.108,29,224,0.987089
1240,220.772,22,224,0.985589
1241,220.683,21,224,0.985192
1242,220.666,18,224,0.985116
1243,221.112,17,224,0.987107
1244,221.312,146,224,0.988
1245,221.647,176,224,0.989496
1246,221.392,100,224,0.988357
1247,220.449,20,224,0.984147
1248,220.707,17,224,0.985299
1249,220.801,22,224,0.985719
1250,220.342,21,224,0.98367
1251,221.645,19,224,0.989487
1252,221.145,160,224,0.987254
1253,221.035,64,224,0.986763
1254,220.824,64,224,0.985821
1255,220.583,77,224,0.984746
1256,220.366,21,224,0.983777
1257,220.789,22,224,0.985665
1258,220.535,22,224,0.984531
1259,220.454,22,224,0.98417
1260,220.621,21,224,0.984915
1261,220.323,16,224,0.983585
1262,221.125,17,224,0.987165
1263,221.02,17,224,0.986696
1264,221.408,22,224,0.988429
1265,221.145,22,224,0.987254
1266,221.175,21,224,0.987388
1267,220.61,17,224,0.984866
1268,220.781,19,224,0.985629
1269,221.093,22,224,0.987022
1270,221.381,80,224,0.988308
1271,220.964,23,224,0.986446
1272,220.798,22,224,0.985705
1273,220.685,20,224,0.985201
1274,220.722,16,224,0.985366
1275,221.244,64,224,0.987696
1276,221.169,19,224,0.987362
1277,221.172,24,224,0.987375
1278,221.204,41,224,0.987518
1279,220.534,21,224,0.984527
1280,221.282,145,224,0.987866
1281,221.319,21,224,0.988031
1282,220.412,64,224,0.983982
1283,220.924,112,224,0.986268
1284,220.73,24,224,0.985402
1285,220.898,27,224,0.986152
1286,221.078,22,224,0.986955
1287,221.39,23,224,0.988348
1288,220.943,16,224,0.986353
1289,221.053,160,224,0.986844
1290,220.95,22,224,0.986384
1291,221.092,129,224,0.987018
1292,221.285,48,224,0.987879
1293,221.324,22,224,0.988054
1294,221.202,107,224,0.987509
1295,220.52,22,224,0.984464
1296,221.075,22,224,0.986942
1297,219.821,17,224,0.981344
1298,221.601,18,224,0.98929
1299,220.914,21,224,0.986223
1300,220.335,24,224,0.983638
1301,221.311,112,224,0.987996
1302,220.586,27,224,0.984759
1303,221.228,116,224,0.987625
1304,221.074,22,224,0.986938
1305,221.285,22,224,0.987879
1306,220.976,25,224,0.9865
1307,221.53,169,224,0.988973
1308,221.163,22,224,0.987335
1309,221.01,21,224,0.986652
1310,221.048,22,224,0.986821
1311,221.124,22,224,0.987161
1312,220.624,22,224,0.984929
1313,220.955,20,224,0.986406
1314,221.283,22,224,0.987871
1315,221.256,19,224,0.98775
1316,220.792,23,224,0.985679
1317,221.167,144,224,0.987353
1318,221.144,129,224,0.98725
1319,220.773,28,224,0.985594
1320,221.177,16,224,0.987397
1321,220.752,19,224,0.9855
1322,221.22,17,224,0.987589
1323,220.036,17,224,0.982304
1324,221.32,24,224,0.988036
1325,220.936,81,224,0.986321
1326,221.433,114,224,0.98854
1327,220.407,21,224,0.98396
1328,220.969,21,224,0.986469
1329,221.26,23,224,0.987768
1330,221.049,22,224,0.986826
1331,220.65,16,224,0.985045
1332,221.12,17,224,0.987143
1333,221.231,130,224,0.987638
1334,220.493,25,224,0.984344
1335,221.441,131,224,0.988576
1336,221.013,19,224,0.986665
1337,221.253,21,224,0.987737
1338,220.438,21,224,0.984098
1339,221.633,16,224,0.989433
1340,221.214,19,224,0.987563
1341,220.616,17,224,0.984893
1342,220.873,161,224,0.98604
1343,221.257,114,224,0.987754
1344,221.597,22,224,0.989272
1345,221.091,27,224,0.987013
1346,221.63,114,224,0.98942
1347,221.14,22,224,0.987232
1348,220.997,17,224,0.986594
1349,221.247,16,224,0.98771
1350,220.843,26,224,0.985906
1351,221.478,129,224,0.988741
1352,221.152,29,224,0.987286
1353,221.405,26,224,0.988415
1354,220.809,16,224,0.985754
1355,221.675,107,224,0.989621
1356,220.935,17,224,0.986317
1357,220.917,20,224,0.986237
1358,220.693,22,224,0.985237
1359,221.421,160,224,0.988487
1360,220.599,22,224,0.984817
1361,220.267,24,224,0.983335
1362,221.174,17,224,0.987384
1363,220.858,17,224,0.985973
1364,220.379,14,224,0.983835
1365,221.334,115,224,0.988098
1366,220.774,22,224,0.985598
1367,220.882,26,224,0.98608
1368,221.157,21,224,0.987308
1369,220.68,22,224,0.985179
1370,221.339,17,224,0.988121
1371,220.64,17,224,0.985
1372,221.282,20,224,0.987866
1373,221.074,13,224,0.986938
1374,220.473,18,224,0.984254
1375,220.959,18,224,0.986424
1376,220.561,20,224,0.984647
1377,220.864,21,224,0.986
1378,220.792,18,224,0.985679
1379,220.965,97,224,0.986451
1380,221.331,21,224,0.988085
1381,221.157,113,224,0.987308
1382,220.468,18,224,0.984232
1383,220.901,17,224,0.986165
1384,221.124,146,224,0.987161
1385,220.756,23,224,0.985518
1386,221.373,24,224,0.988272
1387,221.32,131,224,0.988036
1388,221.19,20,224,0.987455
1389,220.905,140,224,0.986183
1390,220.87,20,224,0.986027
1391,221.084,26,224,0.986982
1392,220.526,21,224,0.984491
1393,221.162,21,224,0.98733
1394,220.887,29,224,0.986103
1395,221.364,148,224,0.988232
1396,221.128,16,224,0.987179
1397,221.435,146,224,0.988549
1398,220.862,22,224,0.985991
1399,220.517,19,224,0.984451
1400,221.041,107,224,0.98679
1401,220.593,22,224,0.98479
1402,220.897,24,224,0.986147
1403,221.237,176,224,0.987665
1404,221.323,24,224,0.988049
1405,221.181,29,224,0.987415
1406,221.467,30,224,0.988692
1407,221.326,96,224,0.988062
1408,221.272,128,224,0.987821
1409,221.15,23,224,0.987277
1410,220.967,103,224,0.98646
1411,221.075,113,224,0.986942
1412,221.324,28,224,0.988054
1413,221.111,74,224,0.987103
1414,221.042,19,224,0.986795
1415,220.641,18,224,0.985004
1416,221.229,23,224,0.987629
1417,221.299,147,224,0.987942
1418,220.795,23,224,0.985692
1419,221.066,36,224,0.986902
1420,221.455,23,224,0.988638
1421,220.202,22,224,0.983045
1422,220.711,24,224,0.985317
1423,220.899,22,224,0.986156
1424,221.251,26,224,0.987728
1425,221.161,64,224,0.987326
1426,220.837,18,224,0.985879
1427,220.502,81,224,0.984384
1428,221.348,145,224,0.988161
1429,220.633,24,224,0.984969
1430,221.067,18,224,0.986906
1431,220.596,18,224,0.984804
1432,220.803,18,224,0.985728
1433,221.284,107,224,0.987875
1434,221.13,23,224,0.987187
1435,220.887,23,224,0.986103
1436,220.764,21,224,0.985554
1437,220.655,19,224,0.985067
1438,221.287,22,224,0.987888
1439,220.633,17,224,0.984969
1440,220.89,17,224,0.986116
1441,221.098,23,224,0.987045
1442,221.401,23,224,0.988397
1443,220.703,22,224,0.985281
1444,220.309,16,224,0.983522
1445,220.868,19,224,0.986018
1446,221.064,21,224,0.986893
1447,221.209,23,224,0.98754
1448,221.591,23,224,0.989246
1449,220.487,16,224,0.984317
1450,221.735,132,224,0.989888
1451,221.792,128,224,0.990143
1452,221.202,17,224,0.987509
1453,221.303,117,224,0.98796
1454,221.025,22,224,0.986719
1455,220.099,15,224,0.982585
1456,221.35,23,224,0.98817
1457,221.329,28,224,0.988076
1458,220.724,21,224,0.985375
1459,221.086,22,224,0.986991
1460,221.095,18,224,0.987031
1461,221.044,22,224,0.986804
1462,221.179,23,224,0.987406
1463,221.053,114,224,0.986844
1464,220.778,17,224,0.985616
1465,220.91,22,224,0.986205
1466,220.861,19,224,0.985987
1467,220.889,17,224,0.986112
1468,220.211,23,224,0.983085
1469,221.243,49,224,0.987692
1470,221.352,80,224,0.988179
1471,220.631,19,224,0.98496
1472,221.084,96,224,0.986982
1473,221.361,23,224,0.988219
1474,220.767,21,224,0.985567
1475,220.996,100,224,0.986589
1476,221.446,22,224,0.988598
1477,221.209,22,224,0.98754
1478,221.604,26,224,0.989304
1479,220.583,29,224,0.984746
1480,220.959,23,224,0.986424
1481,220.913,21,224,0.986219
1482,221.024,20,224,0.986714
1483,220.341,19,224,0.983665
1484,221.184,114,224,0.987429
1485,220.445,23,224,0.984129
1486,220.227,18,224,0.983156
1487,221.67,176,224,0.989598
1488,221.008,21,224,0.986643
1489,221.433,22,224,0.98854
1490,220.494,22,224,0.984348
1491,221.011,22,224,0.986656
1492,220.848,19,224,0.985929
1493,221.75,96,224,0.989955
1494,220.155,19,224,0.982835
1495,221.144,20,224,0.98725
1496,221.038,17,224,0.986777
1497,220.703,16,224,0.985281
1498,221.153,25,224,0.98729
1499,220.665,24,224,0.985112
1500,221.416,23,224,0.988464
1501,221.048,22,224,0.986821
1502,221.296,20,224,0.987929
1503,220.898,27,224,0.986152
1504,220.198,16,224,0.983027
1505,220.269,22,224,0.983344
1506,221.651,26,224,0.989513
1507,220.633,19,224,0.984969
1508,221.518,113,224,0.98892
1509,220.773,19,224,0.985594
1510,220.631,18,224,0.98496
1511,220.305,19,224,0.983504
1512,220.371,17,224,0.983799
1513,220.873,17,224,0.98604
1514,221.476,160,224,0.988732
1515,221.045,104,224,0.986808
1516,220.61,19,224,0.984866
1517,220.891,19,224,0.986121
1518,220.098,17,224,0.98258
1519,221.027,24,224,0.986728
1520,221.295,112,224,0.987924
1521,221.175,131,224,0.987388
1522,220.939,19,224,0.986335
1523,220.906,18,224,0.986187
1524,220.879,22,224,0.986067
1525,220.506,17,224,0.984402
1526,220.513,16,224,0.984433
1527,221.636,112,224,0.989446
1528,221.329,22,224,0.988076
1529,221.172,20,224,0.987375
1530,220.829,23,224,0.985844
1531,220.442,17,224,0.984116
1532,221.575,112,224,0.989174
1533,221.317,104,224,0.988022
1534,221.014,17,224,0.98667
1535,221.018,18,224,0.986688
1536,221.062,15,224,0.986884
1537,220.953,17,224,0.986397
1538,220.841,80,224,0.985897
1539,221.145,25,224,0.987254
1540,221.181,104,224,0.987415
1541,221.142,19,224,0.987241
1542,221.352,18,224,0.988179
1543,220.544,16,224,0.984571
1544,221.171,84,224,0.987371
1545,221.286,28,224,0.987884
1546,221.196,114,224,0.987482
1547,221.292,170,224,0.987911
1548,220.842,23,224,0.985902
1549,221.486,161,224,0.988777
1550,220.494,22,224,0.984348
1551,220.593,96,224,0.98479
1552,220.735,18,224,0.985424
1553,221.25,22,224,0.987723
1554,220.786,22,224,0.985652
1555,220.569,18,224,0.984683
1556,221.032,23,224,0.98675
1557,220.759,19,224,0.985531
1558,221.245,21,224,0.987701
1559,221.594,23,224,0.989259
1560,221.008,16,224,0.986643
1561,221.513,112,224,0.988897
1562,221.084,22,224,0.986982
1563,220.578,22,224,0.984723
1564,220.377,19,224,0.983826
1565,221.279,84,224,0.987853
1566,220.909,19,224,0.986201
1567,221.566,160,224,0.989134
1568,220.411,16,224,0.983978
1569,220.626,17,224,0.984938
1570,221.097,94,224,0.98704
1571,221.096,17,224,0.987036
1572,220.841,20,224,0.985897
1573,221.752,136,224,0.989964
1574,220.822,16,224,0.985812
1575,221.71,145,224,0.989777
1576,220.766,18,224,0.985563
1577,221.208,18,224,0.987536
1578,221.319,145,224,0.988031
1579,220.744,94,224,0.985464
1580,221.35,21,224,0.98817
1581,221.255,23,224,0.987746
1582,221.067,23,224,0.986906
1583,221.682,22,224,0.989652
1584,221.408,144,224,0.988429
1585,220.698,16,224,0.985259
1586,220.913,21,224,0.986219
1587,221.076,22,224,0.986946
1588,221.434,95,224,0.988545
1589,220.928,16,224,0.986286
1590,221.382,22,224,0.988313
1591,220.982,22,224,0.986527
1592,220.862,22,224,0.985991
1593,221.349,112,224,0.988165
1594,220.857,18,224,0.985969
1595,220.997,22,224,0.986594
1596,221.758,141,224,0.989991
1597,220.807,22,224,0.985746
1598,220.896,18,224,0.986143
1599,220.907,17,224,0.986192
1600,221.433,114,224,0.98854
1601,220.752,19,224,0.9855
1602,220.757,19,224,0.985522
1603,220.749,18,224,0.985487
1604,221.417,131,224,0.988469
1605,220.831,21,224,0.985853
1606,221.205,17,224,0.987522
1607,220.613,22,224,0.984879
1608,221.304,27,224,0.987964
1609,221.029,22,224,0.986737
1610,220.861,16,224,0.985987
1611,220.87,17,224,0.986027
1612,221.326,130,224,0.988062
1613,221.16,19,224,0.987321
1614,220.745,104,224,0.985469
1615,220.771,112,224,0.985585
1616,221.475,17,224,0.988728
1617,221.288,112,224,0.987893
1618,221.233,23,224,0.987647
1619,221.227,24,224,0.987621
1620,221.231,19,224,0.987638
1621,221.413,130,224,0.988451
1622,220.998,22,224,0.986598
1623,220.048,22,224,0.982357
1624,221.39,144,224,0.988348
1625,220.891,18,224,0.986121
1626,221.187,166,224,0.987442
1627,220.977,21,224,0.986504
1628,221.145,21,224,0.987254
1629,220.605,21,224,0.984844
1630,220.548,16,224,0.984589
1631,220.878,22,224,0.986062
1632,221.55,27,224,0.989062
1633,220.978,22,224,0.986509
1634,221.323,16,224,0.988049
1635,221.071,17,224,0.986924
1636,220.599,23,224,0.984817
1637,221.302,18,224,0.987955
1638,221.407,22,224,0.988424
1639,221.531,26,224,0.988978
1640,220.842,23,224,0.985902
1641,220.918,17,224,0.986241
1642,221.314,21,224,0.988009
1643,221.249,145,224,0.987719
1644,221.317,22,224,0.988022
1645,221.16,147,224,0.987321
1646,221.088,14,224,0.987
1647,220.996,16,224,0.986589
1648,220.859,20,224,0.985978
1649,221.188,20,224,0.987446
1650,220.892,16,224,0.986125
1651,220.702,21,224,0.985277
1652,221.26,160,224,0.987768
1653,221.382,16,224,0.988313
1654,220.715,19,224,0.985335
1655,221.61,112,224,0.98933
1656,220.7,17,224,0.985268
1657,221.555,22,224,0.989085
1658,221.38,85,224,0.988304
1659,221.679,176,224,0.989638
1660,221.315,24,224,0.988013
1661,221.252,176,224,0.987732
1662,221.288,22,224,0.987893
1663,221.061,16,224,0.986879
1664,220.778,22,224,0.985616
1665,220.231,13,224,0.983174
1666,221.676,118,224,0.989625
1667,221.852,160,224,0.990411
1668,221.286,112,224,0.987884
1669,221.565,107,224,0.989129
1670,221.238,23,224,0.98767
1671,220.503,16,224,0.984388
1672,221.081,23,224,0.986969
1673,221.28,19,224,0.987857
1674,221.287,176,224,0.987888
1675,221.273,112,224,0.987826
1676,220.099,16,224,0.982585
1677,221.5,115,224,0.988839
1678,221.295,104,224,0.987924
1679,220.311,19,224,0.983531
1680,220.475,16,224,0.984263
1681,221.022,22,224,0.986705
1682,221.853,176,224,0.990415
1683,220.956,18,224,0.986411
1684,220.998,112,224,0.986598
1685,221.188,114,224,0.987446
1686,221.374,20,224,0.988277
1687,220.909,22,224,0.986201
1688,220.735,19,224,0.985424
1689,221.538,18,224,0.989009
1690,221.563,112,224,0.989121
1691,221.542,176,224,0.989027
1692,220.779,17,224,0.985621
1693,220.839,17,224,0.985888
1694,220.814,23,224,0.985777
1695,220.403,16,224,0.983942
1696,221.247,113,224,0.98771
1697,220.206,22,240,0.917525
1698,221.335,23,240,0.922229
1699,221.319,22,240,0.922162
1700,220.682,19,240,0.919508
1701,222.002,16,240,0.925008
1702,224.437,22,240,0.935154
1703,230.867,22,240,0.961946
1704,235.805,22,240,0.982521
1705,236.635,22,240,0.985979
1706,236.718,21,240,0.986325
1707,236.603,16,240,0.985846
1708,237.518,22,240,0.989658
1709,237.166,17,240,0.988192
1710,236.263,22,240,0.984429
1711,237.12,22,240,0.988
1712,236.474,21,240,0.985308
1713,236.088,22,240,0.9837
1714,236.563,17,240,0.985679
1715,236.986,22,240,0.987442
1716,236.546,22,240,0.985608
1717,236.436,18,240,0.98515
1718,236.559,21,240,0.985662
1719,236.223,21,240,0.984263
1720,236.299,21,240,0.984579
1721,236.277,16,240,0.984487
1722,237.237,21,240,0.988487
1723,236.704,22,240,0.986267
1724,236.38,22,240,0.984917
1725,236.514,22,240,0.985475
1726,236.268,22,240,0.98445
1727,236.999,16,240,0.987496
1728,236.635,17,240,0.985979
1729,236.533,17,240,0.985554
1730,236.814,22,240,0.986725
1731,236.51,21,240,0.985458
1732,237.073,22,240,0.987804
1733,236.912,21,240,0.987133
1734,237.302,192,240,0.988758
1735,237.571,177,240,0.989879
1736,236.104,16,240,0.983767
1737,237.013,22,240,0.987554
1738,237.219,119,240,0.988413
1739,236.836,16,240,0.986817
1740,237.04,154,240,0.987667
1741,237.048,22,240,0.9877
1742,237.041,22,240,0.987671
1743,236.623,22,240,0.985929
1744,236.557,16,240,0.985654
1745,235.796,21,240,0.982483
1746,235.489,22,240,0.981204
1747,236.779,22,240,0.986579
1748,236.502,19,240,0.985425
1749,236.725,22,240,0.986354
1750,236.92,16,240,0.987167
1751,236.019,20,240,0.983413
1752,236.688,17,240,0.9862
1753,236.91,22,240,0.987125
1754,236.923,94,240,0.987179
1755,235.37,17,240,0.980708
1756,236.419,22,240,0.985079
1757,237.036,22,240,0.98765
1758,236.588,17,240,0.985783
1759,236.625,17,240,0.985938
1760,236.841,29,240,0.986838
1761,234.657,18,240,0.977738
1762,236.865,22,240,0.986938
1763,236.807,83,240,0.986696
1764,237.04,17,240,0.987667
1765,236.561,138,240,0.985671
1766,237.342,21,240,0.988925
1767,236.803,18,240,0.986679
1768,237.489,149,240,0.989537
1769,236.832,21,240,0.9868
1770,236.919,22,240,0.987163
1771,236.741,19,240,0.986421
1772,235.87,22,240,0.982792
1773,237.526,64,240,0.989692
1774,236.832,23,240,0.9868
1775,237.145,20,240,0.988104
1776,236.394,22,240,0.984975
1777,236.851,20,240,0.986879
1778,235.787,18,240,0.982446
1779,236.402,19,240,0.985008
1780,237.248,22,240,0.988533
1781,235.998,17,240,0.983325
1782,236.61,22,240,0.985875
1783,237.381,21,240,0.989088
1784,237.098,22,240,0.987908
1785,237.198,19,240,0.988325
1786,236.375,20,240,0.984896
1787,236.156,21,240,0.983983
1788,237.236,22,240,0.988483
1789,236.949,22,240,0.987287
1790,236.661,21,240,0.986088
1791,237.524,21,240,0.989683
1792,236.616,16,240,0.9859
1793,236.715,22,240,0.986313
1794,236.875,120,240,0.986979
1795,236.31,17,240,0.984625
1796,237.113,26,240,0.987971
1797,236.497,20,240,0.985404
1798,236.918,20,240,0.987158
1799,236.629,23,240,0.985954
1800,235.983,19,240,0.983263
1801,237.306,22,240,0.988775
1802,236.143,17,240,0.983929
1803,235.398,17,240,0.980825
1804,236.728,22,240,0.986367
1805,237.378,21,240,0.989075
1806,236.211,23,240,0.984213
1807,236.934,21,240,0.987225
1808,235.985,17,240,0.983271
1809,236.934,22,240,0.987225
1810,235.272,17,240,0.9803
1811,236.393,18,255,0.927031
1812,237.015,18,255,0.929471
1813,236.738,18,256,0.924758
